step,type,amount,oldbalanceOrg,newbalanceOrig,oldbalanceDest,newbalanceDest,isFraud
1,2,9839.64,170136,160296.36,0,0,0
1,2,1864.28,21249,19384.72,0,0,0
1,4,181,181,0,0,0,1
1,1,181,181,0,21182,0,1
1,2,11668.14,41554,29885.86,0,0,0
1,2,7817.71,53860,46042.29,0,0,0
1,2,7107.77,183195,176087.23,0,0,0
1,2,7861.64,176087.23,168225.59,0,0,0
1,2,4024.36,2671,0,0,0,0
1,5,5337.77,41720,36382.23,41898,40348.79,0
1,5,9644.94,4465,0,10845,157982.12,0
1,2,3099.97,20771,17671.03,0,0,0
1,2,2560.74,5070,2509.26,0,0,0
1,2,11633.76,10127,0,0,0,0
1,2,4098.78,503264,499165.22,0,0,0
1,1,229133.94,15325,0,5083,51513.44,0
1,2,1563.82,450,0,0,0,0
1,2,1157.86,21156,19998.14,0,0,0
1,2,671.64,15123,14451.36,0,0,0
1,4,215310.3,705,0,22425,0,0
1,2,1373.43,13854,12480.57,0,0,0
1,5,9302.79,11299,1996.21,29832,16896.7,0
1,5,1065.41,1817,751.59,10330,0,0
1,2,3876.41,67852,63975.59,0,0,0
1,4,311685.89,10835,0,6267,2719172.89,0
1,2,6061.13,443,0,0,0,0
1,2,9478.39,116494,107015.61,0,0,0
1,2,8009.09,10968,2958.91,0,0,0
1,2,8901.99,2958.91,0,0,0,0
1,2,9920.52,0,0,0,0,0
1,2,3448.92,0,0,0,0,0
1,2,4206.84,0,0,0,0,0
1,2,5885.56,0,0,0,0,0
1,2,5307.88,0,0,0,0,0
1,2,5031.22,0,0,0,0,0
1,2,24213.67,0,0,0,0,0
1,2,8603.42,253,0,0,0,0
1,2,2791.42,300481,297689.58,0,0,0
1,2,7413.54,297689.58,290276.03,0,0,0
1,2,3295.19,233633,230337.81,0,0,0
1,2,1684.81,297,0,0,0,0
1,5,5758.59,32604,26845.41,209699,16997.22,0
1,1,110414.71,26845.41,0,288800,2415.16,0
1,2,7823.46,998,0,0,0,0
1,2,5086.48,0,0,0,0,0
1,2,5281.48,152019,146737.52,0,0,0
1,2,13875.98,15818,1942.02,0,0,0
1,1,56953.9,1942.02,0,70253,64106.18,0
1,1,5346.89,0,0,652637,6453430.91,0
1,2,2204.04,586,0,0,0,0
1,2,2641.47,23053,20411.53,0,0,0
1,1,23261.3,20411.53,0,25742,0,0
1,2,2330.64,203543,201212.36,0,0,0
1,2,1614.64,41276,39661.36,0,0,0
1,2,9164.71,47235.77,38071.06,0,0,0
1,2,2970.97,38071.06,35100.09,0,0,0
1,2,38.66,16174,16135.34,0,0,0
1,2,2252.44,1627,0,0,0,0
1,4,62610.8,79114,16503.2,517,8383.29,0
1,5,5529.13,8547,3017.87,10206,0,0
1,1,82940.31,3017.87,0,132372,49864.36,0
1,5,4510.22,10256,5745.78,10697,0,0
1,5,8727.74,882770,874042.26,12636,0,0
1,2,2599.46,874042.26,871442.79,0,0,0
1,5,4874.49,153,0,253104,0,0
1,2,6440.78,2192,0,0,0,0
1,2,4910.14,41551,36640.86,0,0,0
1,2,6444.64,12019,5574.36,0,0,0
1,5,5149.66,4782,0,52752,24044.18,0
1,2,7292.16,216827,209534.84,0,0,0
1,1,47458.86,209534.84,162075.98,52120,0,0
1,1,136872.92,162075.98,25203.05,217806,0,0
1,1,94253.33,25203.05,0,99773,965870.05,0
1,2,2998.04,12030,9031.96,0,0,0
1,2,3454.08,9031.96,5577.88,0,0,0
1,2,4316.2,10999,6682.8,0,0,0
1,2,2131.84,224,0,0,0,0
1,2,12986.61,23350,10363.39,0,0,0
1,4,42712.39,10363.39,0,57901.66,24044.18,0
1,4,77957.68,0,0,94900,22233.65,0
1,4,17231.46,0,0,24672,0,0
1,4,78766.03,0,0,103772,277515.05,0
1,4,224606.64,0,0,354678.92,0,0
1,4,125872.53,0,0,348512,3420103.09,0
1,4,379856.23,0,0,900180,19200000,0
1,4,1505626.01,0,0,29031,5515763.34,0
1,4,554026.99,0,0,579285.56,0,0
1,4,147543.1,0,0,223220,16518.36,0
1,4,761507.39,0,0,1280036.23,19200000,0
1,4,1429051.47,0,0,2041543.62,19200000,0
1,4,358831.92,0,0,474384.53,3420103.09,0
1,4,367768.4,0,0,370763.1,16518.36,0
1,4,209711.11,0,0,399214.71,2415.16,0
1,4,583848.46,0,0,667778,2107778.11,0
1,4,1724887.05,0,0,3470595.1,19200000,0
1,4,710544.77,0,0,738531.5,16518.36,0
1,4,581294.26,0,0,5195482.15,19200000,0
1,4,11996.58,0,0,40255,0,0
1,2,2875.1,15443,12567.9,0,0,0
1,2,8586.98,3763,0,0,0,0
1,2,871.75,19869,18997.25,0,0,0
1,2,1035.36,71636,70600.64,0,0,0
1,2,1063.53,83084,82020.47,0,0,0
1,2,1019.9,204237,203217.1,0,0,0
1,2,4059.38,26304,22244.62,0,0,0
1,2,1876.44,182,0,0,0,0
1,1,28404.6,0,0,51744,0,0
1,1,75405.1,0,0,104209,46462.23,0
1,1,50101.88,0,0,67684,9940339.29,0
1,1,14121.82,0,0,52679,10963.66,0
1,1,78292.91,0,0,121112,95508.95,0
1,1,176149.9,0,0,259813,46820.71,0
1,1,212228.35,0,0,429747,1178808.14,0
1,1,85423.63,0,0,5776776.41,19200000,0
1,1,11648.5,0,0,260976,971418.91,0
1,2,6165.58,20925,14759.42,0,0,0
1,2,3705.83,41903.46,38197.63,0,0,0
1,1,419801.4,38197.63,0,499962,1517262.16,0
1,1,335416.51,144478,0,295,52415.15,0
1,2,3372.29,41398,38025.71,0,0,0
1,2,661.43,14078,13416.57,0,0,0
1,5,864.68,69836,68971.32,12040,43691.09,0
1,2,1203.44,29941,28737.56,0,0,0
1,4,330757.04,103657,0,79676,1254956.07,0
1,2,1915.43,11450,9534.57,0,0,0
1,2,8.73,81313,81304.27,0,0,0
1,5,3058.8,18138,15079.2,11054,8917.54,0
1,2,5154.97,9476,4321.03,0,0,0
1,2,5213.25,36380,31166.75,0,0,0
1,2,5392.75,50757,45364.25,0,0,0
1,2,25.12,61663,61637.88,0,0,0
1,2,17150.89,61637.88,44486.99,0,0,0
1,4,679502.24,290,0,171866,3940085.21,0
1,4,177652.91,23720,0,55,4894.45,0
1,2,5443.26,236997,231553.74,0,0,0
1,2,244.87,257978.49,257733.62,0,0,0
1,2,8281.57,257733.62,249452.05,0,0,0
1,2,1175.59,20509,19333.41,0,0,0
1,2,1097.74,24866,23768.26,0,0,0
1,4,184986.8,39588,0,52340,97263.78,0
1,2,1718.29,117811,116092.71,0,0,0
1,2,3671.32,100094,96422.68,0,0,0
1,5,3580.26,2565,0,21185,18910.85,0
1,2,8550.9,40060,31509.1,0,0,0
1,2,9753.55,60829,51075.45,0,0,0
1,2,3026.98,31139,28112.02,0,0,0
1,1,467177.03,28112.02,0,975121,22190.99,0
1,5,3875.99,259138,255262.01,608925.82,2415.16,0
1,2,2148.89,31213,29064.11,0,0,0
1,2,466.97,80030,79563.03,0,0,0
1,1,154139.72,79563.03,0,410433.04,1254956.07,0
1,1,82685.93,0,0,833216.44,3420103.09,0
1,1,83857.23,0,0,215457.59,16997.22,0
1,1,99109.77,0,0,299314.82,16997.22,0
1,1,187726.67,0,0,190573,1567434.81,0
1,1,281339.92,0,0,612801.81,2415.16,0
1,1,186447.51,0,0,5862200.03,19200000,0
1,1,81029.86,0,0,105343,8496.61,0
1,1,139054.95,0,0,182538.03,277515.05,0
1,1,154716.2,0,0,187433,3461666.05,0
1,1,53631.83,0,0,83244,0,0
1,1,289645.52,0,0,871442.79,1412484.09,0
1,1,267148.82,0,0,641975.35,1178808.14,0
1,1,47913.58,0,0,51304,0,0
1,1,193605.38,0,0,249452.05,0,0
1,1,344464.4,0,0,1133312.56,0,0
1,1,169409.87,0,0,909124.16,1178808.14,0
1,1,25793.74,0,0,215312.31,49864.36,0
1,1,114712.48,0,0,145400,0,0
1,1,89038.75,0,0,189808,1186556.81,0
1,1,1341.58,0,0,80341,557537.26,0
1,1,44443.08,0,0,6048647.54,19200000,0
1,1,34729.64,0,0,44853,96.88,0
1,1,105979.34,0,0,435962.9,46820.71,0
1,1,57794.61,0,0,99217.58,0,0
1,1,15918.79,0,0,24553,0,0
1,1,19162.08,0,0,60169,215851.28,0
1,1,220691.42,0,0,6093090.62,19200000,0
1,1,9536.54,0,0,49161,130747.56,0
1,1,29784.06,0,0,63553,0,0
1,1,190445.51,0,0,203679,2107965.39,0
1,1,57279.11,0,0,127206.9,64106.18,0
1,1,112086.81,0,0,292728,55974.56,0
1,1,80311.89,0,0,87408,63112.23,0
1,1,151829.91,0,0,1161088.31,1412484.09,0
1,1,26004.52,0,0,52251.58,0,0
1,1,3146.16,0,0,9471,593737.38,0
1,1,296752.75,0,0,404814.81,55974.56,0
1,1,191702.06,0,0,272624.5,971418.91,0
1,1,365510.05,0,0,564572.76,1254956.07,0
1,1,202332.08,0,0,342149.2,3461666.05,0
1,1,55105.9,0,0,317952.89,2719172.89,0
1,1,171508.59,0,0,443057.43,0,0
1,1,178439.26,0,0,278846.75,1186556.81,0
1,1,88834.86,0,0,464326.57,971418.91,0
1,1,210370.09,0,0,1442298.03,22190.99,0
1,1,36437.06,0,0,154606,1363368.51,0
1,1,82691.56,0,0,657983.89,6453430.91,0
1,1,338767.1,0,0,544481.28,3461666.05,0
1,1,187728.59,0,0,394124.51,2107965.39,0
1,1,271002.7,0,0,851368.24,3940085.21,0
1,1,323105.08,0,0,378299.67,1567434.81,0
1,1,10782.94,0,0,100585,0,0
1,1,89962.11,0,0,157012.19,0,0
1,1,101940.14,0,0,105362,92307.65,0
1,1,163100.34,0,0,1078534.03,1178808.14,0
1,1,136030.66,0,0,136875.83,0,0
1,1,68912.23,0,0,237326.8,97263.78,0
1,1,73464.06,0,0,444779,4619798.56,0
1,1,106117.28,0,0,234216.94,51513.44,0
1,1,503333.79,0,0,553161.42,971418.91,0
1,1,71991.42,0,0,81682.58,557537.26,0
1,1,91379.93,0,0,1241634.38,1178808.14,0
1,1,26759.05,0,0,581853.1,2107965.39,0
1,1,128487.35,0,0,701404.75,1567434.81,0
1,1,252908.87,0,0,919763.4,1517262.16,0
1,1,64489.64,0,0,398424.59,16997.22,0
1,1,171369.73,0,0,1122370.94,3940085.21,0
1,2,4493.29,8258,3764.71,0,0,0
1,2,12121.5,97058,84936.5,0,0,0
1,2,2278.19,290,0,0,0,0
1,2,7707.44,99827,92119.56,0,0,0
1,2,4013.02,92119.56,88106.55,0,0,0
1,2,5775.15,132329,126553.85,0,0,0
1,2,4843.93,51718,46874.07,0,0,0
1,2,2397.82,20421,18023.18,0,0,0
1,2,4391.44,228,0,0,0,0
1,5,4497.87,107388,102890.13,19053,5417.23,0
1,2,7452.89,102397,94944.11,0,0,0
1,2,3930.81,6032,2101.19,0,0,0
1,1,71532.24,2101.19,0,74956,97128.19,0
1,1,61159.51,0,0,340334.22,51513.44,0
1,1,12401.9,0,0,349763,0,0
1,1,32702.61,0,0,253053,31469.78,0
1,2,6926.67,152927,146000.33,0,0,0
1,2,893.57,10676,9782.43,0,0,0
1,4,480222.51,11110,0,1293740.67,3940085.21,0
1,2,3608.41,11150,7541.59,0,0,0
1,2,5946.79,7541.59,1594.8,0,0,0
1,2,6099.96,42133,36033.04,0,0,0
1,2,372.34,65254,64881.66,0,0,0
1,2,4635.18,6313782.05,6309146.87,0,0,0
1,2,1267.97,6309146.87,6307878.9,0,0,0
1,2,6911.99,6307878.9,6300966.92,0,0,0
1,2,1795.67,6300966.92,6299171.25,0,0,0
1,2,3199.06,6299171.25,6295972.18,0,0,0
1,2,10265.17,6295972.18,6285707.02,0,0,0
1,2,9029.12,25480,16450.88,0,0,0
1,2,7600.57,50747,43146.43,0,0,0
1,2,2057.71,25132,23074.29,0,0,0
1,2,3823.08,10382,6558.92,0,0,0
1,4,2806,2806,0,0,0,1
1,1,2806,2806,0,26202,0,1
1,2,6737.2,624,0,0,0,0
1,2,9161.98,11128,1966.02,0,0,0
1,2,1239.06,396386,395146.94,0,0,0
1,2,365,319,0,0,0,0
1,2,5237.54,27105,21867.46,0,0,0
1,2,2618.76,21867.46,19248.7,0,0,0
1,2,339.82,12076,11736.18,0,0,0
1,5,1393.46,100068,98674.54,26446,318637.36,0
1,2,2731.37,17540,14808.63,0,0,0
1,2,8364.73,81,0,0,0,0
1,2,6598.71,16392,9793.29,0,0,0
1,2,4304.58,10708,6403.42,0,0,0
1,2,2867.14,943,0,0,0,0
1,2,2946.38,0,0,0,0,0
1,2,507.12,87005,86497.88,0,0,0
1,2,3020.86,50361,47340.14,0,0,0
1,2,8948.03,11137,2188.97,0,0,0
1,1,280877.92,2188.97,0,462914.23,16997.22,0
1,2,1084.9,13727,12642.1,0,0,0
1,2,9456.69,12642.1,3185.41,0,0,0
1,2,5812.36,3185.41,0,0,0,0
1,4,157883.07,46547,0,72793,353532.56,0
1,2,2734.77,4511,1776.23,0,0,0
1,1,102153.86,1776.23,0,230676.07,353532.56,0
1,2,584.52,15479,14894.48,0,0,0
1,2,6113.14,15629,9515.86,0,0,0
1,1,369989.2,9515.86,0,518243.06,4619798.56,0
1,1,215338.28,0,0,285755.61,31469.78,0
1,1,65521.42,0,0,93337.06,0,0
1,1,116977.58,0,0,191043.06,1363368.51,0
1,1,262392.36,0,0,457286.01,1186556.81,0
1,1,51121.05,0,0,308020.64,1363368.51,0
1,1,202624.59,0,0,1056495.21,971418.91,0
1,1,118235.16,0,0,332829.93,353532.56,0
1,1,118056.71,0,0,272906.49,0,0
1,1,498960.91,0,0,608612.15,2107965.39,0
1,1,691738.36,0,0,6285707.02,19200000,0
1,1,58820.08,0,0,1107573.06,2107965.39,0
1,2,4419.04,52951,48531.96,0,0,0
1,2,4270.02,9516,5245.98,0,0,0
1,2,3007.83,49905,46897.17,0,0,0
1,2,1824.59,25138,23313.41,0,0,0
1,2,993.46,19448,18454.54,0,0,0
1,1,302693.14,18454.54,0,306239.03,97263.78,0
1,2,1445.06,10892,9446.94,0,0,0
1,2,4059.25,4186,126.75,0,0,0
1,2,3417.18,126.75,0,0,0,0
1,5,3428.95,147798,144369.05,1534657.01,5515763.34,0
1,2,5580.98,7781,2200.02,0,0,0
1,5,3455.85,3509,53.15,1333014.31,1178808.14,0
1,2,7265.63,14508,7242.37,0,0,0
1,2,3852.64,1449076.27,1445223.63,0,0,0
1,2,7870.29,1445223.63,1437353.34,0,0,0
1,5,12872.92,11197,0,51885,0,0
1,2,6675.34,10107,3431.66,0,0,0
1,1,410201.89,21448,0,61613,424250.45,0
1,2,13310.78,0,0,0,0,0
1,2,664.35,102983,102318.65,0,0,0
1,2,2130.3,10958,8827.7,0,0,0
1,2,7771.4,8827.7,1056.3,0,0,0
1,2,36349.35,1056.3,0,0,0,0
1,2,749.34,0,0,0,0,0
1,2,2340.34,0,0,0,0,0
1,2,9686.85,0,0,0,0,0
1,2,15785.85,0,0,0,0,0
1,2,9006.78,0,0,0,0,0
1,2,9014.95,0,0,0,0,0
1,2,14420.66,0,0,0,0,0
1,2,4802.31,0,0,0,0,0
1,2,28527.44,0,0,0,0,0
1,2,4182.93,0,0,0,0,0
1,2,4088.21,0,0,0,0,0
1,2,8491.9,0,0,0,0,0
1,5,6666.78,11876,5209.22,24777,189534.74,0
1,2,6536.86,17319,10782.14,0,0,0
1,1,40684.97,10782.14,0,49530,66575.5,0
1,2,1553.21,31516,29962.79,0,0,0
1,5,7344.92,0,0,185432,0,0
1,1,106267.21,0,0,241106.05,49864.36,0
1,2,5491.5,36605,31113.5,0,0,0
1,2,3666.42,48117,44450.58,0,0,0
1,2,5507.18,36030,30522.82,0,0,0
1,5,4565.14,30265,25699.86,829892.09,1567434.81,0
1,2,11348.71,734899,723550.29,0,0,0
1,4,123179.97,7215,0,12904.68,43691.09,0
1,2,7073.6,0,0,0,0,0
1,2,2803.83,0,0,0,0,0
1,2,106.81,0,0,0,0,0
1,2,6297.71,762,0,0,0,0
1,2,2610.01,58697.54,56087.54,0,0,0
1,2,5320.1,56087.54,50767.43,0,0,0
1,2,1460.63,1132,0,0,0,0
1,4,522264.81,24,0,11361,2025098.66,0
1,5,3584.21,135496,131911.79,100614.05,24044.18,0
1,2,3704.97,24553,20848.03,0,0,0
1,2,2773.61,14332,11558.39,0,0,0
1,2,3896.42,11558.39,7661.97,0,0,0
1,2,18781.84,7661.97,0,0,0,0
1,2,6660.33,17710,11049.67,0,0,0
1,4,26923.42,11049.67,0,199404.91,95508.95,0
1,4,53783.57,0,0,75514,420946.86,0
1,4,80333.28,0,0,321592.98,277515.05,0
1,4,211075.91,0,0,930082.81,1254956.07,0
1,4,100677.86,0,0,701567.56,55974.56,0
1,4,473499.51,0,0,883248.39,3461666.05,0
1,4,1538200.39,0,0,6977445.38,19200000,0
1,4,2421578.09,0,0,8515645.77,19200000,0
1,4,1349670.68,0,0,1538085.96,5515763.34,0
1,4,314403.14,0,0,888232.25,4619798.56,0
1,4,1457213.54,0,0,10900000,19200000,0
1,4,180368.84,0,0,1437353.34,16518.36,0
1,4,445038.71,0,0,802245.42,55974.56,0
1,4,1123206.66,0,0,1773963.18,3940085.21,0
1,5,996,46132,45136,88106.55,1015132.48,0
1,4,176334.26,45136,0,1251626.46,2107778.11,0
1,4,161217.61,0,0,199733,5602234.95,0
1,4,108443.61,0,0,246974.3,0,0
1,4,75442.68,0,0,80469,500631.71,0
1,4,55536.86,0,0,915902.37,3420103.09,0
1,4,438437.09,0,0,740675.45,6453430.91,0
1,4,928722.69,0,0,1259119.8,971418.91,0
1,4,1478772.04,0,0,1652668.12,22190.99,0
1,4,2545478.01,0,0,12400000,19200000,0
1,4,2061082.82,0,0,14900000,19200000,0
1,4,983479.66,0,0,3131440.16,22190.99,0
1,4,635507.97,0,0,834457.23,1567434.81,0
1,4,848231.57,0,0,4114919.82,22190.99,0
1,4,739112.93,0,0,1141158.73,1254956.07,0
1,4,324397.94,0,0,373058.79,2719172.89,0
1,4,982862.81,0,0,2187842.49,971418.91,0
1,4,955855,0,0,1179112.54,6453430.91,0
1,4,179253.24,0,0,179614.1,46462.23,0
1,2,5446.88,666,0,0,0,0
1,2,648.64,873,224.36,0,0,0
1,2,8494.71,11129,2634.29,0,0,0
1,1,373068.26,20034,0,1427960.73,2107778.11,0
1,3,143236.26,0,143236.26,608932.17,97263.78,0
1,3,228451.89,143236.26,371688.15,719678.38,1186556.81,0
1,3,35902.49,371688.15,407590.65,49003.3,0,0
1,3,232953.64,407590.65,640544.28,1172672.27,1517262.16,0
1,3,65912.95,640544.28,706457.23,104198.26,24044.18,0
1,3,193492.68,706457.23,899949.91,1247284.13,55974.56,0
1,3,60836.64,899949.91,960786.56,143436,5203.54,0
1,3,62325.15,960786.56,1023111.71,1880271.66,1254956.07,0
1,3,349640.51,1023111.71,1372752.22,360950.61,5602234.95,0
1,3,135324.19,1372752.22,1508076.41,1356747.89,3461666.05,0
1,3,380015.14,1508076.41,1888091.55,1336470.16,1178808.14,0
1,3,418688.27,1888091.55,2306779.82,956455.03,1178808.14,0
1,3,311023.52,2306779.82,2617803.34,1477776.96,0,0
1,3,151862.38,2617803.34,2769665.72,158858.48,0,0
1,3,228710.05,2769665.72,2998375.78,743792.14,16997.22,0
1,3,220431.09,2998375.78,3218806.87,2897169.84,3940085.21,0
1,3,182861.45,3218806.87,3401668.32,192776.92,0,0
1,3,231881.5,3401668.32,3633549.82,894141.72,2415.16,0
1,3,38071.17,3633549.82,3671620.98,122487,54985.05,0
1,3,87117.29,3671620.98,3758738.27,501093.89,31469.78,0
1,3,114271.72,3758738.27,3873009.99,3170705.3,971418.91,0
1,3,73199.1,3873009.99,3946209.08,401926.25,277515.05,0
1,3,764772.98,3946209.08,4710982.07,3056433.58,971418.91,0
1,3,106847.36,4710982.07,4817829.42,335711.51,52415.15,0
1,3,6287.28,4817829.42,4824116.71,11274,0,0
1,3,24936.34,4824116.71,4849053.05,104408,42450.71,0
1,3,55837.16,4849053.05,4904890.21,66800.82,10963.66,0
1,3,63255.29,4904890.21,4968145.5,237735.3,0,0
1,3,104605.78,4968145.5,5072751.28,207302.14,92307.65,0
1,3,154160.82,5072751.28,5226912.1,157376,0,0
1,3,257348.03,5226912.1,5484260.13,2291660.6,971418.91,0
1,3,201073.81,5484260.13,5685333.94,537766.76,1178808.14,0
1,3,53560.68,5685333.94,5738894.62,172857.68,22233.65,0
1,3,334234.39,5738894.62,6073129.01,358867.35,46462.23,0
1,3,227335.16,6073129.01,6300464.17,1817946.5,1254956.07,0
1,3,134426.08,6300464.17,6434890.26,228864.16,52415.15,0
1,3,2643.45,6434890.26,6437533.71,49974,1891.79,0
1,3,134977.11,6437533.71,6572510.82,471814.89,424250.45,0
1,3,25090.03,6572510.82,6597600.85,80148.6,0,0
1,3,147388.67,6597600.85,6744989.53,184486.01,64106.18,0
1,3,217615.09,6744989.53,6962604.61,971439.24,3420103.09,0
1,3,355294.5,6962604.61,7317899.11,1469965.2,1567434.81,0
1,3,12336.48,7317899.11,7330235.59,21024,83845.22,0
1,3,349505.89,7330235.59,7679741.48,17000000,19200000,0
1,3,285185.34,7679741.48,7964926.82,451065.09,353532.56,0
1,3,132953.45,7964926.82,8097880.27,1617722.17,16518.36,0
1,3,214851.41,8097880.27,8312731.68,939718.63,1517262.16,0
1,3,54988.56,8312731.68,8367720.25,60870,10600000,0
1,3,62871.06,8367720.25,8430591.3,177707.91,4894.45,0
1,3,61150.85,8430591.3,8491742.16,1166393.13,2107965.39,0
1,3,131409.27,8491742.16,8623151.43,290276.03,265092.36,0
1,3,10844.33,8623151.43,8633995.76,42274,290772.6,0
1,2,2054.84,22195,20140.16,0,0,0
1,3,313373.56,20140.16,333513.72,2034312.57,971418.91,0
1,3,13289.87,333513.72,346803.59,78256.1,0,0
1,3,27070.11,346803.59,373873.7,70595,122750.49,0
1,3,127954.7,373873.7,501828.4,1590611.34,1254956.07,0
1,3,197031.04,501828.4,698859.44,515082.09,16997.22,0
1,3,144366.64,698859.44,843226.08,1720939.01,971418.91,0
1,3,7965.49,843226.08,851191.57,35100.09,40348.79,0
1,3,123103.74,851191.57,974295.31,541942.24,46820.71,0
1,3,106634.77,974295.31,1080930.07,4963151.39,22190.99,0
1,3,74933.22,1080930.07,1155863.3,1312918.22,1412484.09,0
1,3,120234.99,1155863.3,1276098.29,194026.33,965870.05,0
1,3,5763.99,1276098.29,1281862.28,24632.95,46462.23,0
1,3,156922.36,1281862.28,1438784.65,2887756.64,5515763.34,0
1,3,162665.98,1438784.65,1601450.63,362164.9,0,0
1,3,110226.34,1601450.63,1601450.63,1601450.63,10700000,0
1,3,142577.44,1601450.63,1744028.07,174480.01,0,0
1,3,6915.38,1744028.07,1750943.45,49685,0,0
1,3,157108.01,1750943.45,1908051.46,1576572.37,971418.91,0
1,3,223555.14,1908051.46,2131606.6,1462656.64,1254956.07,0
1,3,146331.12,2131606.6,2277937.72,1053791.45,55974.56,0
1,3,141131.23,2277937.72,2419068.96,1419464.36,971418.91,0
1,3,222711.47,2419068.96,2641780.43,16700000,19200000,0
1,3,84980.31,2641780.43,2726760.74,165879.75,353532.56,0
1,3,628719.07,2726760.74,3355479.81,1484768.73,16518.36,0
1,3,79285.8,3355479.81,3434765.61,4856516.62,22190.99,0
1,3,57809.81,3434765.61,3492575.42,59666,0,0
1,3,75043.17,3492575.42,3567618.59,156547,0,0
1,3,248196.92,3567618.59,3815815.51,318051.05,16997.22,0
1,3,18851.44,3815815.51,3834666.95,47330.55,1891.79,0
1,3,403418.39,3834666.95,4238085.34,1801028.99,2107778.11,0
1,3,235564.81,4238085.34,4473650.15,2676738.75,3940085.21,0
1,3,32325.24,4473650.15,4505975.39,158866.76,265092.36,0
1,3,345347.7,4505975.39,4851323.08,355417.92,0,0
1,3,355500.25,4851323.08,5206823.33,1166753.44,0,0
1,3,103005.78,5206823.33,5309829.12,114836.85,4894.45,0
1,3,108803.98,5309829.12,5418633.09,811253.19,0,0
1,3,259753.27,5418633.09,5678386.36,260112.48,0,0
1,3,234094.24,5678386.36,5912480.6,1278333.12,971418.91,0
1,3,273305.73,5912480.6,6185786.33,1237985,1412484.09,0
1,3,186838.95,6185786.33,6372625.28,418838.5,46820.71,0
1,3,193161.04,6372625.28,6565786.32,2441173.94,3940085.21,0
1,3,152823.85,6565786.32,6718610.17,1202635.39,4619798.56,0
1,3,91457.82,6718610.17,6810067.99,662260.23,2415.16,0
1,3,277807.48,6810067.99,7087875.47,907460.33,55974.56,0
1,3,8679.13,7087875.47,7096554.61,94438.08,52415.15,0
1,3,2099.59,7096554.61,7098654.2,40471.79,0,0
1,3,221693.08,7098654.2,7320347.28,629652.85,55974.56,0
1,3,206097.65,7320347.28,7526444.93,1239101.5,1254956.07,0
1,3,22384.21,7526444.93,7548829.13,42211,387263.02,0
1,3,73210.99,7548829.13,7622040.12,79582.64,96.88,0
1,3,236747.6,7622040.12,7858787.73,390963.21,0,0
1,3,6284.18,7858787.73,7865071.9,328727.16,277515.05,0
1,3,100198.77,7865071.9,7965270.68,336837.78,424250.45,0
1,3,160347.32,7965270.68,8125617.99,724867.22,1517262.16,0
1,3,289272.75,8125617.99,8414890.75,413976.6,31469.78,0
1,3,63189.26,8414890.75,8478080,101925,0,0
1,3,196725.32,8478080,8674805.32,2248012.9,3940085.21,0
1,2,5882.32,10252,4369.68,0,0,0
1,5,625.92,30165,29539.08,1042,0,0
1,2,5937.72,21779,15841.28,0,0,0
1,2,9796.29,274658,264861.71,0,0,0
1,2,13449.95,11080,0,0,0,0
1,2,4749.6,8038,3288.4,0,0,0
1,2,6460.86,31009,24548.14,0,0,0
1,2,3605.26,10120,6514.74,0,0,0
1,2,624.61,52594,51969.39,0,0,0
1,2,3854.92,9241,5386.08,0,0,0
1,4,420532.33,5386.08,0,614566.02,0,0
1,2,4402.86,4469,66.14,0,0,0
1,1,147804.02,66.14,0,158919,23508.22,0
1,2,151.2,1904,1752.8,0,0,0
1,2,58.21,14506,14447.79,0,0,0
1,2,5936.82,741,0,0,0,0
1,1,145944.67,24376,0,222,46393.85,0
1,4,7206.33,24932,17725.67,21308,18161.79,0
1,5,5581.55,530,0,55058.57,0,0
1,5,5853.21,5039,0,20018,4891090.56,0
1,2,2528.1,5037,2508.9,0,0,0
1,2,5655.17,9522,3866.83,0,0,0
1,2,1456.09,101018,99561.91,0,0,0
1,2,4252.82,5545,1292.18,0,0,0
1,4,276460.62,595,0,1105242.28,2107965.39,0
1,2,8811.67,30848,22036.33,0,0,0
1,2,12666.68,891,0,0,0,0
1,1,95636.49,0,0,359141.7,1363368.51,0
1,1,195314.34,0,0,491226.48,1186556.81,0
1,2,6049.09,1,0,0,0,0
1,2,14306.8,0,0,0,0,0
1,2,1117.34,35611,34493.66,0,0,0
1,5,3179.7,124703.85,121524.14,20767,0,0
1,2,2880.68,121524.14,118643.46,0,0,0
1,2,3060.54,118643.46,115582.92,0,0,0
1,2,879.42,115582.92,114703.5,0,0,0
1,2,3486.78,114703.5,111216.72,0,0,0
1,2,21530.96,111216.72,89685.77,0,0,0
1,2,2426.31,89685.77,87259.46,0,0,0
1,2,5110.1,87259.46,82149.35,0,0,0
1,2,207.75,82149.35,81941.6,0,0,0
1,2,18437.04,81941.6,63504.55,0,0,0
1,2,8690.69,63504.55,54813.86,0,0,0
1,2,4946.03,54813.86,49867.83,0,0,0
1,2,5432.09,49867.83,44435.75,0,0,0
1,2,7649.41,44435.75,36786.34,0,0,0
1,2,3943.17,36786.34,32843.16,0,0,0
1,2,3101.33,32843.16,29741.84,0,0,0
1,4,51719.13,882,0,59670,15375.37,0
1,2,13465.91,0,0,0,0,0
1,2,19561.05,0,0,0,0,0
1,2,9762.28,129,0,0,0,0
1,2,9778.81,18824,9045.19,0,0,0
1,1,562903.81,9045.19,0,564519.9,1517262.16,0
1,2,5055.94,30295,25239.06,0,0,0
1,2,2858.89,21820,18961.11,0,0,0
1,2,8531.42,18961.11,10429.69,0,0,0
1,2,84.22,25828,25743.78,0,0,0
1,1,227478.01,25743.78,0,16400000,19200000,0
1,2,5033.02,23946.7,18913.68,0,0,0
1,4,100588.8,18913.68,0,105223,0,0
1,2,9374.72,21064,11689.28,0,0,0
1,2,598.24,102631,102032.76,0,0,0
1,2,4531.55,20125,15593.45,0,0,0
1,2,2998.2,15593.45,12595.25,0,0,0
1,2,9269.99,12595.25,3325.26,0,0,0
1,2,1209.64,3325.26,2115.61,0,0,0
1,2,1298.7,2115.61,816.91,0,0,0
1,1,2672.732606,2672.732606,0,25947.14197,0,1
1,3,181,181,0,2401.675551,0,1
1,4,2733.505974,2733.505974,0,0,0,1
1,1,1286.479649,1286.479649,0,23296.09822,0,1
1,1,1331.994573,1331.994573,0,23383.1401,0,1
1,3,2806,2806,0,8593.571203,0,1
1,4,1944.599248,1944.599248,0,0,0,1
1,4,2399.015756,2399.015756,0,0,0,1
1,1,228.6676682,228.6676682,0,21273.15874,0,1
1,1,181,181,0,17770.28944,0,1
1,1,2439.562123,2439.562123,0,25501.23118,0,1
1,1,2149.090179,2149.090179,0,24945.73817,0,1
1,1,282.9411779,282.9411779,0,21376.95037,0,1
1,1,977.071976,977.071976,0,22704.39288,0,1
1,2,2806,2806,0,12129.36624,0,1
1,4,1948.54049,1948.54049,0,0,0,1
1,3,181,181,0,3646.078762,0,1
1,1,2806,2806,0,19087.03252,0,1
1,3,2806,2806,0,910.4715401,0,1
1,1,1381.321049,1381.321049,0,23477.47111,0,1
1,1,595.6894281,595.6894281,0,17835.73277,0,1
1,4,2295.752411,2295.752411,0,0,0,1
1,2,181,181,0,8713.298417,0,1
1,3,2806,2806,0,7873.381053,0,1
1,1,181,181,0,18251.4048,0,1
1,3,2457.543267,2457.543267,0,2811.813534,0,1
1,1,260.9657238,260.9657238,0,20536.72992,0,1
1,1,181,181,0,15136.5535,0,1
1,1,2806,2806,0,25125.94893,0,1
1,2,181,181,0,12734.17567,0,1
1,4,1668.008064,1668.008064,0,0,0,1
1,4,2134.111938,2134.111938,0,0,0,1
1,1,181,181,0,15868.27231,0,1
1,3,181,181,0,3904.55589,0,1
1,3,2593.708463,2593.708463,0,1713.051179,0,1
1,4,1681.674503,1681.674503,0,0,0,1
1,3,181,181,0,6598.195102,0,1
1,4,333.7581882,333.7581882,0,0,0,1
1,4,2583.436035,2583.436035,0,0,0,1
1,1,1342.174603,1342.174603,0,23402.60819,0,1
1,1,810.4418178,810.4418178,0,22385.73254,0,1
1,1,2559.582614,2559.582614,0,25730.75608,0,1
1,3,181,181,0,3873.467551,0,1
1,3,2806,2806,0,1713.244042,0,1
1,2,181,181,0,7662.152281,0,1
1,2,181,181,0,10237.33988,0,1
1,2,2806,2806,0,8984.368971,0,1
1,1,1662.358641,1662.358641,0,24014.92205,0,1
1,1,889.646794,889.646794,0,15463.6928,0,1
1,3,2680.745165,2680.745165,0,1010.723017,0,1
1,1,1320.152322,1320.152322,0,23360.4932,0,1
1,3,2389.553075,2389.553075,0,3360.449054,0,1
1,1,496.4322005,496.4322005,0,21785.22653,0,1
1,2,181,181,0,13940.3049,0,1
1,1,2565.027452,2565.027452,0,25741.16869,0,1
1,1,181,181,0,19187.56667,0,1
1,1,2806,2806,0,18042.34847,0,1
1,4,2752.215138,2752.215138,0,0,0,1
1,1,641.2419585,641.2419585,0,22062.15795,0,1
1,4,2760.952108,2760.952108,0,0,0,1
1,1,2184.83161,2184.83161,0,25014.0894,0,1
1,1,687.8534352,687.8534352,0,22151.29686,0,1
1,4,1896.951157,1896.951157,0,0,0,1
1,4,1400.768759,1400.768759,0,0,0,1
1,1,1100.344083,1100.344083,0,22940.13611,0,1
1,3,181,181,0,1017.984132,0,1
1,3,181,181,0,1077.195113,0,1
1,4,2508.536017,2508.536017,0,0,0,1
1,1,181,181,0,15655.75127,0,1
1,3,2765.825582,2765.825582,0,324.1807724,0,1
1,1,181,181,0,19772.04788,0,1
1,2,181,181,0,10613.02682,0,1
1,4,1596.865802,1596.865802,0,0,0,1
1,1,181,181,0,14487.72056,0,1
1,4,1189.390693,1189.390693,0,0,0,1
1,1,181,181,0,19993.51197,0,1
1,3,181,181,0,1180.86267,0,1
1,3,181,181,0,2812.992189,0,1
1,1,1135.440557,1135.440557,0,23007.25394,0,1
1,3,181,181,0,4216.29204,0,1
1,1,1028.433101,1028.433101,0,22802.61492,0,1
1,2,181,181,0,9036.939323,0,1
1,4,2468.686573,2468.686573,0,0,0,1
1,3,2806,2806,0,4946.828161,0,1
1,1,651.8213762,651.8213762,0,22082.38983,0,1
1,1,1824.091634,1824.091634,0,24324.21714,0,1
1,1,652.3795351,652.3795351,0,17378.2814,0,1
1,4,1891.147526,1891.147526,0,0,0,1
1,1,181,181,0,16804.01189,0,1
1,3,181,181,0,5803.044599,0,1
1,1,2806,2806,0,20579.33589,0,1
1,2,181,181,0,13190.8981,0,1
1,3,181,181,0,825.3170686,0,1
1,2,1183.083554,1183.083554,0,13095.85378,0,1
1,2,1922.545186,1922.545186,0,7128.89138,0,1
1,2,1084.728082,1084.728082,0,13889.51686,0,1
1,2,181,181,0,8163.471225,0,1
1,3,181,181,0,6744.059264,0,1
1,2,1911.860505,1911.860505,0,7215.10963,0,1
1,4,2121.676863,2121.676863,0,0,0,1
1,1,1503.901682,1503.901682,0,23711.89198,0,1
1,1,181,181,0,14676.80358,0,1
1,2,181,181,0,7378.465956,0,1
1,3,181,181,0,1341.918847,0,1
1,3,181,181,0,830.0447716,0,1
1,2,181,181,0,8852.932844,0,1
1,1,266.1010523,266.1010523,0,20495.29124,0,1
1,2,181,181,0,9574.859569,0,1
1,2,1694.388776,1694.388776,0,8969.9615,0,1
1,1,1313.634255,1313.634255,0,23348.02818,0,1
1,2,2806,2806,0,11111.62428,0,1
1,1,885.4246423,885.4246423,0,22529.12827,0,1
1,1,2806,2806,0,22856.27371,0,1
1,3,2149.706821,2149.706821,0,5295.848427,0,1
1,1,1282.071968,1282.071968,0,23287.66906,0,1
1,3,181,181,0,2814.736026,0,1
1,4,1655.900067,1655.900067,0,0,0,1
1,3,2179.683243,2179.683243,0,5053.958684,0,1
1,3,2806,2806,0,8388.707077,0,1
1,4,863.7395038,863.7395038,0,0,0,1
1,1,2806,2806,0,19959.73633,0,1
1,4,1814.461674,1814.461674,0,0,0,1
1,2,181,181,0,11318.12454,0,1
1,1,1502.526874,1502.526874,0,23709.26282,0,1
1,4,1783.252524,1783.252524,0,0,0,1
1,1,2806,2806,0,18403.36316,0,1
1,3,181,181,0,2117.87988,0,1
1,4,321.398904,321.398904,0,0,0,1
1,3,181,181,0,878.174013,0,1
1,3,181,181,0,3237.813922,0,1
1,2,181,181,0,13664.39826,0,1
1,4,294.3976765,294.3976765,0,0,0,1
1,4,1957.520999,1957.520999,0,0,0,1
1,4,1539.382507,1539.382507,0,0,0,1
1,1,1511.807648,1511.807648,0,23727.0112,0,1
1,4,2587.378421,2587.378421,0,0,0,1
1,4,421.7233866,421.7233866,0,0,0,1
1,4,1762.40743,1762.40743,0,0,0,1
1,1,1352.529488,1352.529488,0,23422.41068,0,1
1,4,739.4107244,739.4107244,0,0,0,1
1,3,2806,2806,0,1409.810587,0,1
1,4,2231.902132,2231.902132,0,0,0,1
1,1,181,181,0,18778.5928,0,1
1,3,2806,2806,0,1809.795573,0,1
1,3,2806,2806,0,674.74844,0,1
1,1,191.6804897,191.6804897,0,21202.42517,0,1
1,1,327.661781,327.661781,0,21462.4732,0,1
1,1,2115.718337,2115.718337,0,24881.9185,0,1
1,4,1614.028897,1614.028897,0,0,0,1
1,3,2806,2806,0,7707.803459,0,1
1,1,2723.711353,2723.711353,0,26044.63276,0,1
1,1,1987.078777,1987.078777,0,24635.91065,0,1
1,4,2378.03017,2378.03017,0,0,0,1
1,1,2456.530351,2456.530351,0,25533.6809,0,1
1,4,604.9879951,604.9879951,0,0,0,1
1,2,181,181,0,9025.469624,0,1
1,1,2221.736904,2221.736904,0,25084.66638,0,1
1,2,181,181,0,8401.874233,0,1
1,4,2522.229386,2522.229386,0,0,0,1
1,1,181,181,0,18076.61667,0,1
1,1,1458.518807,1458.518807,0,23625.10263,0,1
1,4,793.2236901,793.2236901,0,0,0,1
1,2,2806,2806,0,10970.63546,0,1
1,3,181,181,0,2898.999827,0,1
1,1,181,181,0,18647.78486,0,1
1,4,802.2986334,802.2986334,0,0,0,1
1,3,2806,2806,0,2418.609506,0,1
1,1,1252.292061,1252.292061,0,23230.71853,0,1
1,1,1886.677102,1886.677102,0,24443.9044,0,1
1,1,947.0243616,947.0243616,0,15000.69408,0,1
1,2,2806,2806,0,13581.36158,0,1
1,4,1813.782576,1813.782576,0,0,0,1
1,1,2031.846456,2031.846456,0,24721.52351,0,1
1,1,181,181,0,15913.52496,0,1
1,1,2806,2806,0,17548.72323,0,1
1,2,1665.563908,1665.563908,0,9202.55897,0,1
1,1,846.9157064,846.9157064,0,22455.48451,0,1
1,1,1244.655478,1244.655478,0,23216.11448,0,1
1,4,1681.116691,1681.116691,0,0,0,1
1,1,2126.056385,2126.056385,0,24901.68878,0,1
1,4,792.1135106,792.1135106,0,0,0,1
1,1,646.1753263,646.1753263,0,22071.59243,0,1
1,1,852.4444005,852.4444005,0,15763.89132,0,1
1,1,1968.728496,1968.728496,0,24600.81792,0,1
1,4,804.4544871,804.4544871,0,0,0,1
1,4,1755.414906,1755.414906,0,0,0,1
1,2,181,181,0,10118.95682,0,1
1,1,2588.410281,2588.410281,0,25785.88557,0,1
1,1,1419.028432,1419.028432,0,23549.58199,0,1
1,2,1660.618442,1660.618442,0,9242.465585,0,1
1,1,700.4632213,700.4632213,0,22175.41157,0,1
1,1,2747.989255,2747.989255,0,26091.06136,0,1
1,4,1640.513226,1640.513226,0,0,0,1
1,1,1958.948231,1958.948231,0,24582.11433,0,1
1,1,2692.072944,2692.072944,0,25984.12807,0,1
1,1,181,181,0,19585.79502,0,1
1,1,181,181,0,19468.70908,0,1
1,1,181,181,0,15823.16226,0,1
1,4,980.5458018,980.5458018,0,0,0,1
1,1,379.0156861,379.0156861,0,21560.68143,0,1
1,1,2369.684491,2369.684491,0,25367.59853,0,1
1,1,2806,2806,0,20521.16779,0,1
1,1,2032.95339,2032.95339,0,24723.64039,0,1
1,4,2795.057359,2795.057359,0,0,0,1
1,3,181,181,0,6419.733467,0,1
1,4,1797.470193,1797.470193,0,0,0,1
1,3,2806,2806,0,6888.487306,0,1
1,3,181,181,0,1795.082535,0,1
1,1,289.4061806,289.4061806,0,20307.23439,0,1
1,4,2654.107268,2654.107268,0,0,0,1
1,1,1770.380279,1770.380279,0,24221.50057,0,1
1,1,2525.765327,2525.765327,0,25666.08455,0,1
1,4,1924.89233,1924.89233,0,0,0,1
1,1,2360.590252,2360.590252,0,25350.20688,0,1
1,1,1878.976949,1878.976949,0,24429.17878,0,1
1,4,1786.795492,1786.795492,0,0,0,1
1,1,181,181,0,16322.9605,0,1
1,4,2107.912947,2107.912947,0,0,0,1
1,2,2806,2806,0,16760.23782,0,1
1,1,2123.63161,2123.63161,0,24897.05169,0,1
1,1,1370.757223,1370.757223,0,23457.26905,0,1
1,1,265.8293717,265.8293717,0,21344.22607,0,1
1,3,2071.620794,2071.620794,0,5925.950609,0,1
1,2,181,181,0,12471.81924,0,1
1,2,181,181,0,12768.12583,0,1
1,3,181,181,0,5739.424784,0,1
1,4,2456.389046,2456.389046,0,0,0,1
1,3,2605.974004,2605.974004,0,1614.076441,0,1
1,4,2649.896046,2649.896046,0,0,0,1
1,4,1712.322473,1712.322473,0,0,0,1
1,2,1280.448119,1280.448119,0,12310.18664,0,1
1,3,181,181,0,1712.002279,0,1
1,1,181,181,0,19429.22297,0,1
1,3,181,181,0,2612.556405,0,1
1,2,181,181,0,9498.265684,0,1
1,1,181,181,0,17690.48068,0,1
1,2,1726.455319,1726.455319,0,8711.20588,0,1
1,1,764.7940052,764.7940052,0,16471.17157,0,1
1,1,1441.971465,1441.971465,0,23593.45781,0,1
1,3,2806,2806,0,385.5349005,0,1
1,2,181,181,0,7980.084861,0,1
1,1,838.3569626,838.3569626,0,22439.11693,0,1
1,2,181,181,0,12857.69749,0,1
1,4,2357.556079,2357.556079,0,0,0,1
1,1,1312.161143,1312.161143,0,23345.21102,0,1
1,3,2639.281447,2639.281447,0,1345.307574,0,1
1,4,277.6574025,277.6574025,0,0,0,1
1,4,532.3618119,532.3618119,0,0,0,1
1,4,216.8889077,216.8889077,0,0,0,1
1,1,378.8175334,378.8175334,0,21560.30248,0,1
1,1,990.2497074,990.2497074,0,14651.89436,0,1
1,4,1583.658972,1583.658972,0,0,0,1
1,3,181,181,0,5297.390505,0,1
1,4,408.9399003,408.9399003,0,0,0,1
1,4,1717.017522,1717.017522,0,0,0,1
1,1,2087.067216,2087.067216,0,24827.12664,0,1
1,1,818.6618446,818.6618446,0,22401.45237,0,1
1,2,1814.142308,1814.142308,0,8003.630335,0,1
1,1,2806,2806,0,19885.09522,0,1
1,1,719.2439873,719.2439873,0,22211.32755,0,1
1,4,841.0364037,841.0364037,0,0,0,1
1,3,2084.829033,2084.829033,0,5819.368925,0,1
1,4,2262.027421,2262.027421,0,0,0,1
1,4,2486.329252,2486.329252,0,0,0,1
1,1,2168.122722,2168.122722,0,24982.13564,0,1
1,3,181,181,0,993.3609808,0,1
1,1,181,181,0,15490.97949,0,1
1,1,2806,2806,0,25620.71539,0,1
1,1,1498.316385,1498.316385,0,23701.21076,0,1
1,1,1431.053079,1431.053079,0,23572.5777,0,1
1,1,623.6498386,623.6498386,0,17610.1109,0,1
1,1,2806,2806,0,18137.62076,0,1
1,3,2806,2806,0,4811.060966,0,1
1,3,2806,2806,0,839.1513979,0,1
1,4,413.0715863,413.0715863,0,0,0,1
1,3,181,181,0,4409.714524,0,1
1,4,1729.63423,1729.63423,0,0,0,1
1,2,1545.879337,1545.879337,0,10168.33367,0,1
1,4,1284.906419,1284.906419,0,0,0,1
1,1,181,181,0,16620.84317,0,1
1,2,181,181,0,7639.047737,0,1
1,3,181,181,0,4129.543853,0,1
1,1,435.228471,435.228471,0,19130.54572,0,1
1,1,1185.682756,1185.682756,0,23103.33617,0,1
1,1,181,181,0,20768.16144,0,1
1,1,1777.230605,1777.230605,0,24234.601,0,1
1,4,1852.191344,1852.191344,0,0,0,1
1,4,1349.609028,1349.609028,0,0,0,1
1,4,419.880489,419.880489,0,0,0,1
1,3,2806,2806,0,7168.94495,0,1
1,4,1618.046556,1618.046556,0,0,0,1
1,1,1364.639924,1364.639924,0,23445.57045,0,1
1,4,2570.987106,2570.987106,0,0,0,1
1,3,181,181,0,6311.377103,0,1
1,2,181,181,0,11090.94341,0,1
1,3,181,181,0,6404.549878,0,1
1,1,715.2615889,715.2615889,0,16870.86515,0,1
1,1,1600.214629,1600.214629,0,23896.07902,0,1
1,4,595.5100356,595.5100356,0,0,0,1
1,3,2806,2806,0,6054.817342,0,1
1,4,354.8694419,354.8694419,0,0,0,1
1,4,301.3858243,301.3858243,0,0,0,1
1,1,1810.614922,1810.614922,0,24298.44454,0,1
1,2,1894.039803,1894.039803,0,7358.910813,0,1
1,3,181,181,0,4429.808417,0,1
1,4,1284.418922,1284.418922,0,0,0,1
1,2,181,181,0,13947.00808,0,1
1,2,181,181,0,11380.31369,0,1
1,2,2806,2806,0,14145.9578,0,1
1,2,1270.988972,1270.988972,0,12386.51566,0,1
1,2,2806,2806,0,15713.32659,0,1
1,1,974.622619,974.622619,0,22699.70878,0,1
1,1,181,181,0,17367.81504,0,1
1,1,977.6836512,977.6836512,0,22705.56264,0,1
1,1,1261.610688,1261.610688,0,23248.5393,0,1
1,3,2806,2806,0,3293.130118,0,1
1,1,1533.494644,1533.494644,0,23768.485,0,1
1,4,2735.414667,2735.414667,0,0,0,1
1,1,1225.919587,1225.919587,0,23180.28431,0,1
1,3,2218.396202,2218.396202,0,4741.570914,0,1
1,3,2806,2806,0,4669.441733,0,1
1,4,1900.158102,1900.158102,0,0,0,1
1,2,181,181,0,13818.7298,0,1
1,3,181,181,0,673.6867632,0,1
1,2,1365.622313,1365.622313,0,11622.88768,0,1
1,2,1403.138303,1403.138303,0,11320.15866,0,1
1,1,1115.477646,1115.477646,0,22969.07725,0,1
1,1,458.6796849,458.6796849,0,21713.02934,0,1
1,1,2806,2806,0,22828.53447,0,1
1,1,2806,2806,0,17552.73255,0,1
1,4,1025.154757,1025.154757,0,0,0,1
1,4,423.2627889,423.2627889,0,0,0,1
1,2,181,181,0,10990.37826,0,1
1,1,1986.434882,1986.434882,0,24634.67928,0,1
1,2,1462.900339,1462.900339,0,10837.91886,0,1
1,1,2806,2806,0,22088.87076,0,1
1,4,1815.624341,1815.624341,0,0,0,1
1,1,187.811939,187.811939,0,21195.02702,0,1
1,3,181,181,0,2789.645951,0,1
1,1,181,181,0,19391.76074,0,1
1,1,1748.854966,1748.854966,0,24180.33597,0,1
1,3,181,181,0,291.1043135,0,1
1,1,1589.550446,1589.550446,0,23875.68504,0,1
1,1,181,181,0,19573.05254,0,1
1,1,800.8058994,800.8058994,0,22367.305,0,1
1,1,811.1170515,811.1170515,0,22387.02385,0,1
1,1,1575.572604,1575.572604,0,23848.95408,0,1
1,3,181,181,0,5920.028788,0,1
1,1,2806,2806,0,24568.53162,0,1
1,1,2418.184884,2418.184884,0,25460.34976,0,1
1,1,181,181,0,18362.31722,0,1
1,4,1984.809452,1984.809452,0,0,0,1
1,4,2397.656766,2397.656766,0,0,0,1
1,3,2806,2806,0,6560.555489,0,1
1,1,2806,2806,0,25403.56865,0,1
1,1,529.5606747,529.5606747,0,21848.5808,0,1
1,2,181,181,0,7501.534781,0,1
1,2,2806,2806,0,15795.51326,0,1
1,4,456.2815621,456.2815621,0,0,0,1
1,1,2116.688666,2116.688666,0,24883.77413,0,1
1,1,181,181,0,17320.86289,0,1
1,4,1661.408367,1661.408367,0,0,0,1
1,4,2387.863713,2387.863713,0,0,0,1
1,3,181,181,0,1889.526091,0,1
1,1,1400.744144,1400.744144,0,23514.61547,0,1
1,1,2193.80692,2193.80692,0,25031.25361,0,1
1,2,1905.816981,1905.816981,0,7263.876839,0,1
1,2,181,181,0,10039.6313,0,1
1,1,1113.148796,1113.148796,0,22964.6236,0,1
1,1,1102.840044,1102.840044,0,22944.90934,0,1
1,2,181,181,0,11023.49192,0,1
1,2,2806,2806,0,10894.8051,0,1
1,1,181,181,0,15607.37367,0,1
1,2,2806,2806,0,11588.03715,0,1
1,4,1720.655516,1720.655516,0,0,0,1
1,2,181,181,0,9225.639152,0,1
1,2,181,181,0,13158.83824,0,1
1,4,1066.797939,1066.797939,0,0,0,1
1,1,181,181,0,19056.33117,0,1
1,4,1775.832459,1775.832459,0,0,0,1
1,1,2806,2806,0,19799.45862,0,1
1,2,1498.099793,1498.099793,0,10553.88274,0,1
1,1,181,181,0,14184.55847,0,1
1,4,355.0589626,355.0589626,0,0,0,1
1,4,2786.222297,2786.222297,0,0,0,1
1,1,2806,2806,0,20297.83003,0,1
1,1,1140.061652,1140.061652,0,23016.09123,0,1
1,1,1525.499273,1525.499273,0,23753.1948,0,1
1,4,2414.395984,2414.395984,0,0,0,1
1,4,411.7050144,411.7050144,0,0,0,1
1,1,2296.395328,2296.395328,0,25227.44173,0,1
1,1,327.0904096,327.0904096,0,21461.38052,0,1
1,3,2806,2806,0,4131.687647,0,1
1,1,2806,2806,0,24849.04721,0,1
1,1,228.8865137,228.8865137,0,21273.57726,0,1
1,3,181,181,0,6418.962304,0,1
1,3,2806,2806,0,71.910478,0,1
1,1,452.3980597,452.3980597,0,18991.99859,0,1
1,2,2806,2806,0,11109.68946,0,1
1,4,2589.163484,2589.163484,0,0,0,1
1,1,2806,2806,0,26063.12923,0,1
1,3,181,181,0,528.1273545,0,1
1,1,1469.215546,1469.215546,0,23645.55887,0,1
1,4,2078.602254,2078.602254,0,0,0,1
1,3,2806,2806,0,4693.78768,0,1
1,3,181,181,0,5963.638089,0,1
1,2,1401.528578,1401.528578,0,11333.14806,0,1
1,2,2806,2806,0,13713.61628,0,1
1,3,181,181,0,3419.144242,0,1
1,3,2267.671405,2267.671405,0,4343.952879,0,1
1,1,2721.984425,2721.984425,0,26041.33021,0,1
1,3,2806,2806,0,7573.62315,0,1
1,3,2282.294316,2282.294316,0,4225.955735,0,1
1,4,2113.648857,2113.648857,0,0,0,1
1,1,1571.830061,1571.830061,0,23841.79692,0,1
1,4,2037.479001,2037.479001,0,0,0,1
1,4,790.5788087,790.5788087,0,0,0,1
1,3,181,181,0,1848.980584,0,1
1,2,2806,2806,0,12941.06414,0,1
1,1,359.4623516,359.4623516,0,19741.9278,0,1
1,3,181,181,0,6791.842914,0,1
1,2,181,181,0,12579.63177,0,1
1,2,1836.769986,1836.769986,0,7821.040059,0,1
1,1,1373.453427,1373.453427,0,23462.42522,0,1
1,2,2806,2806,0,11827.5011,0,1
1,4,1365.079803,1365.079803,0,0,0,1
1,4,710.5424636,710.5424636,0,0,0,1
1,3,181,181,0,6681.405473,0,1
1,4,411.653792,411.653792,0,0,0,1
1,1,181,181,0,18241.41365,0,1
1,4,188.116111,188.116111,0,0,0,1
1,3,2499.672832,2499.672832,0,2471.856031,0,1
1,4,1563.938722,1563.938722,0,0,0,1
1,2,2806,2806,0,10320.91851,0,1
1,3,181,181,0,4357.360871,0,1
1,1,2806,2806,0,23406.26625,0,1
1,3,2806,2806,0,3911.239093,0,1
1,3,2806,2806,0,6655.975482,0,1
1,1,1733.639481,1733.639481,0,24151.23817,0,1
1,1,2629.962426,2629.962426,0,25865.3491,0,1
1,4,2782.189876,2782.189876,0,0,0,1
1,1,2806,2806,0,20830.54257,0,1
1,4,1176.475036,1176.475036,0,0,0,1
1,3,2806,2806,0,1927.172203,0,1
1,3,181,181,0,5897.141862,0,1
1,1,307.2484404,307.2484404,0,21423.43511,0,1
1,1,2232.475515,2232.475515,0,25105.2027,0,1
1,1,632.6551712,632.6551712,0,17537.44387,0,1
1,1,835.9324475,835.9324475,0,22434.48034,0,1
1,1,707.2150313,707.2150313,0,16935.79551,0,1
1,1,640.0267237,640.0267237,0,17477.96036,0,1
1,3,2316.68691,2316.68691,0,3948.43043,0,1
1,3,2187.309167,2187.309167,0,4992.422565,0,1
1,2,1142.38377,1142.38377,0,13424.2739,0,1
1,4,422.8514075,422.8514075,0,0,0,1
1,1,1011.016029,1011.016029,0,22769.30684,0,1
1,2,1261.694976,1261.694976,0,12461.51201,0,1
1,3,2806,2806,0,8306.503974,0,1
1,1,1367.365078,1367.365078,0,23450.78198,0,1
1,1,2054.678944,2054.678944,0,24765.18792,0,1
1,1,181,181,0,19056.75583,0,1
1,4,1167.733447,1167.733447,0,0,0,1
1,2,1389.074712,1389.074712,0,11433.64245,0,1
1,4,1332.704773,1332.704773,0,0,0,1
1,2,181,181,0,8949.68581,0,1
1,1,1873.173564,1873.173564,0,24418.08049,0,1
1,2,2806,2806,0,15944.38575,0,1
1,4,1577.125884,1577.125884,0,0,0,1
1,4,2631.12483,2631.12483,0,0,0,1
1,1,181,181,0,16330.78417,0,1
1,4,1381.02056,1381.02056,0,0,0,1
1,2,2806,2806,0,14895.09959,0,1
1,1,1054.641438,1054.641438,0,22852.73525,0,1
1,3,181,181,0,5707.508184,0,1
1,1,2002.008719,2002.008719,0,24664.46239,0,1
1,1,2806,2806,0,21833.32063,0,1
1,4,2487.401428,2487.401428,0,0,0,1
1,2,2806,2806,0,13220.91014,0,1
1,4,2127.334892,2127.334892,0,0,0,1
1,2,181,181,0,9041.518711,0,1
1,3,181,181,0,48.8750095,0,1
1,1,830.9418099,830.9418099,0,15937.40289,0,1
1,4,950.1762892,950.1762892,0,0,0,1
1,1,762.24866,762.24866,0,16491.71081,0,1
1,4,2430.289038,2430.289038,0,0,0,1
1,3,2269.070443,2269.070443,0,4332.663573,0,1
1,1,2055.418216,2055.418216,0,24766.60169,0,1
1,2,181,181,0,10718.48414,0,1
1,4,2161.917641,2161.917641,0,0,0,1
1,4,2535.845419,2535.845419,0,0,0,1
1,2,2806,2806,0,12145.11563,0,1
1,4,1811.59339,1811.59339,0,0,0,1
1,4,1380.625576,1380.625576,0,0,0,1
1,2,1220.610586,1220.610586,0,12793.03565,0,1
1,4,1487.493088,1487.493088,0,0,0,1
1,1,1388.865828,1388.865828,0,23491.8996,0,1
1,1,1457.68839,1457.68839,0,23623.51456,0,1
1,2,181,181,0,12519.51144,0,1
1,4,2207.190199,2207.190199,0,0,0,1
1,1,181,181,0,20923.51452,0,1
1,1,1235.087909,1235.087909,0,23197.81764,0,1
1,4,1321.540588,1321.540588,0,0,0,1
1,4,926.0299288,926.0299288,0,0,0,1
1,2,2806,2806,0,10506.23258,0,1
1,1,635.653077,635.653077,0,22051.46988,0,1
1,4,2698.571336,2698.571336,0,0,0,1
1,2,2806,2806,0,17227.17941,0,1
1,1,777.7963305,777.7963305,0,22323.30193,0,1
1,2,2806,2806,0,15102.91501,0,1
1,3,181,181,0,6098.925136,0,1
1,4,1795.244441,1795.244441,0,0,0,1
1,1,181,181,0,19314.85772,0,1
1,1,2440.81999,2440.81999,0,25503.63671,0,1
1,3,2541.414167,2541.414167,0,2135.031281,0,1
1,3,181,181,0,5422.920996,0,1
1,1,2087.000913,2087.000913,0,24826.99984,0,1
1,2,2806,2806,0,10665.18596,0,1
1,3,2537.691756,2537.691756,0,2165.068654,0,1
1,3,2806,2806,0,2128.898816,0,1
1,1,181,181,0,16735.57278,0,1
1,1,2806,2806,0,25598.76171,0,1
1,1,1096.161071,1096.161071,0,22932.1366,0,1
1,1,781.4774951,781.4774951,0,16336.54693,0,1
1,1,1823.107154,1823.107154,0,24322.33444,0,1
1,3,181,181,0,1459.896047,0,1
1,1,2603.032203,2603.032203,0,25813.84825,0,1
1,1,454.6482859,454.6482859,0,21705.31977,0,1
1,1,181,181,0,17802.19228,0,1
1,1,181,181,0,19290.15505,0,1
1,3,181,181,0,2601.377981,0,1
1,4,800.2533408,800.2533408,0,0,0,1
1,1,2806,2806,0,21865.03159,0,1
1,4,670.0923087,670.0923087,0,0,0,1
1,4,2379.413321,2379.413321,0,0,0,1
1,1,1052.884333,1052.884333,0,22849.37499,0,1
1,3,1988.458807,1988.458807,0,6597.012401,0,1
1,1,2806,2806,0,20243.77994,0,1
1,1,1210.277216,1210.277216,0,23150.37014,0,1
1,4,1810.322542,1810.322542,0,0,0,1
1,1,181,181,0,15764.69613,0,1
1,1,2266.353003,2266.353003,0,25169.98936,0,1
1,1,181,181,0,16686.96542,0,1
1,1,1765.769021,1765.769021,0,24212.68209,0,1
1,3,181,181,0,2420.40995,0,1
1,4,1269.074534,1269.074534,0,0,0,1
1,3,2806,2806,0,3576.09768,0,1
1,4,383.2293915,383.2293915,0,0,0,1
1,2,181,181,0,11317.54001,0,1
1,2,181,181,0,10185.08887,0,1
1,1,395.056347,395.056347,0,21591.35728,0,1
1,4,1722.054088,1722.054088,0,0,0,1
1,1,181,181,0,20486.24183,0,1
1,4,410.0326599,410.0326599,0,0,0,1
1,1,181,181,0,15924.06749,0,1
1,4,1697.283879,1697.283879,0,0,0,1
1,1,2806,2806,0,21865.22006,0,1
1,1,2806,2806,0,25314.29824,0,1
1,3,1988.382926,1988.382926,0,6597.624711,0,1
1,3,2806,2806,0,5751.451471,0,1
